id;name;comment;grade;dimension;coating;supplier
1;COM;bluetooth e-services;SDD Rubber;Car quantifying;multi-state Operations;Mayotte Lake purple
2;Plastic Configuration;Expanded;Program;content-based array Engineer;back-end ROI;orchestrate invoice Coordinator
3;haptic red Chicken;Lock;Assurance;Rubber black Towels;Account Bedfordshire neural;Account
4;Wyoming ivory visualize;Dynamic functionalities;copying Fresh Product;Pants Emirates;Florida;Corner Accountability hacking
5;model;transmit deposit;Concrete Research;paradigm;lavender indexing;Leone Hryvnia
6;National bleeding-edge;executive;Small connecting Rubber;Illinois;Electronics;District
7;SMS Ergonomic;e-commerce;array Configuration Uruguay;AGP Mississippi utilisation;Organized Ball set;zero Tasty Licensed
8;SMS;users;green one-to-one;convergence Frozen;benchmark;Profound experiences Synergistic
9;Sleek repurpose;payment;Shoes panel generate;Lane;Sudan Solutions;Borders
10;SMTP;deliver;Pound Licensed;Solomon;Plastic;Legacy navigating
